{
  "agreement_by_judge1_label": {
    "false": {
      "agreement_rate": 0.75,
      "n_claims": 20
    },
    "partially_true": {
      "agreement_rate": 0.6029411764705882,
      "n_claims": 68
    },
    "true": {
      "agreement_rate": 0.8709677419354839,
      "n_claims": 62
    }
  },
  "agreement_claim_ids": [
    "claim-010ef85281a4",
    "claim-026d5d016715",
    "claim-02d8bc5c9bd1",
    "claim-04bb73677629",
    "claim-06a0f424d8d8",
    "claim-07c2c05ab063",
    "claim-08e40b245c40",
    "claim-0c14270a0074",
    "claim-0ec786ac8a4b",
    "claim-0f803d8eb781",
    "claim-12069a82cb46",
    "claim-123f20f4ebb2",
    "claim-153dc4612d49",
    "claim-16f62eeea3be",
    "claim-1b576e8f6516",
    "claim-1c5fe40ff1fc",
    "claim-1f273adf751f",
    "claim-1ff17fba16c8",
    "claim-213bc34bfcc8",
    "claim-216e3e9d114a",
    "claim-219376679d76",
    "claim-2256e96e6d97",
    "claim-228326a3795d",
    "claim-272609852ea9",
    "claim-28288df0ce53",
    "claim-2b0696a3529b",
    "claim-2f6ac2b03c52",
    "claim-305ad21cc6d9",
    "claim-3095376b75ae",
    "claim-315d43023fe4",
    "claim-322d4ee5c1c1",
    "claim-33252593391d",
    "claim-3447273cd9f9",
    "claim-34de21fbcf1e",
    "claim-34de3e99dc49",
    "claim-352ac9c27ef8",
    "claim-395deaa87892",
    "claim-3d2ee412fc82",
    "claim-422b2c985507",
    "claim-4519935c9b3f",
    "claim-45242f53dc97",
    "claim-46b7cd2bac2d",
    "claim-4c7662ed2fae",
    "claim-4d5a34e0b096",
    "claim-5012428167d4",
    "claim-51eb5dc1e780",
    "claim-55b4a3cc1245",
    "claim-58ec27a23145",
    "claim-5be5cd813e19",
    "claim-5cc4b9ca8ebe",
    "claim-61a65551f2fe",
    "claim-626a1d23b1d5",
    "claim-638aff88fa1d",
    "claim-63d67fe84636",
    "claim-651ca744c128",
    "claim-65776cb35537",
    "claim-65a93b4845c9",
    "claim-6a231a1dddcb",
    "claim-6a5918c91687",
    "claim-6d31248162fd",
    "claim-6e53dbe0d738",
    "claim-70d16ce43960",
    "claim-74653a2863a4",
    "claim-77123bb50fc4",
    "claim-794e19467d73",
    "claim-7ab861805ab7",
    "claim-7d3845654003",
    "claim-7d8d69fefbe0",
    "claim-7e339f00be06",
    "claim-7eba4f55f09b",
    "claim-7eebc2d9b30f",
    "claim-8340ee0086c5",
    "claim-8e08c590c656",
    "claim-905f8ec9f6b3",
    "claim-9602738bde51",
    "claim-96d31515908b",
    "claim-9b4bbd0355d8",
    "claim-9bd90f30e7a6",
    "claim-9ca316c4d3fa",
    "claim-9dfcd17e958b",
    "claim-9e9d781d75cf",
    "claim-a3ed1b7586e0",
    "claim-a75b529dfd9e",
    "claim-ad7495651c98",
    "claim-ae1a800001c3",
    "claim-af83477fbf65",
    "claim-af849440b7a1",
    "claim-b15cb658b73f",
    "claim-bd3927b1a0e1",
    "claim-c03c8bff5a67",
    "claim-c2bedb6519e4",
    "claim-c40933145399",
    "claim-c7a23c7ecc36",
    "claim-c8383cc752fa",
    "claim-ca3ad0c3d5a9",
    "claim-d02d2f326a9c",
    "claim-d2d9aa40202a",
    "claim-d35cdcb28669",
    "claim-dbb3bb141b72",
    "claim-dc478426ab67",
    "claim-dc690b116b9c",
    "claim-deabdd94c7a6",
    "claim-e0cb7a710b75",
    "claim-e343c7dc82d7",
    "claim-e5144ec15979",
    "claim-e519d92e9144",
    "claim-ecc7ffca2382",
    "claim-f1a01be959b9",
    "claim-f1fa5f8bcd21",
    "claim-fbcfa3054c33"
  ],
  "cohen_kappa": 0.5717344753747323,
  "confusion_matrix": {
    "false": {
      "false": 15,
      "partially_true": 1,
      "true": 4
    },
    "partially_true": {
      "false": 8,
      "partially_true": 41,
      "true": 19
    },
    "true": {
      "false": 3,
      "partially_true": 5,
      "true": 54
    }
  },
  "expected_agreement": 0.3773333333333333,
  "judge1_label_counts": {
    "false": 20,
    "partially_true": 68,
    "true": 62
  },
  "judge2_label_counts": {
    "false": 26,
    "partially_true": 47,
    "true": 77
  },
  "n_claims_judge1": 150,
  "n_claims_judge2": 150,
  "n_missing_from_judge2": 0,
  "n_shared_claims": 150,
  "raw_agreement_rate": 0.7333333333333333
}
