{
  "decoder_cosine": {
    "gini_abs": 0.6039824575922572,
    "l1_norm": 630.38666707985,
    "l2_norm": 3.7894830326056153,
    "max_abs": 0.09656580371902226,
    "median_abs": 0.006020791129884197,
    "topk_l2_coverage": {
      "1": 0.0006493618724551257,
      "10": 0.004979033691738765,
      "25": 0.011174962023778885,
      "5": 0.0026572516779970086,
      "50": 0.019617912775782967
    }
  },
  "encoder_projection": {
    "gini_abs": 0.6033285460137756,
    "l1_norm": 767.8723554778614,
    "l2_norm": 4.611957951493608,
    "max_abs": 0.1315677502442813,
    "median_abs": 0.007334929931133794,
    "topk_l2_coverage": {
      "1": 0.000813819738098914,
      "10": 0.006114491585920381,
      "25": 0.012708016700274284,
      "5": 0.0033544639392574975,
      "50": 0.021781650396659028
    }
  },
  "ks": [
    1,
    5,
    10,
    25,
    50
  ],
  "null_distribution": {
    "decoder_cosine": {
      "gini_abs": {
        "mean": 0.5938498575661205,
        "p05": 0.5920825542428603,
        "p50": 0.5937715608184021,
        "p95": 0.5957057715874886
      },
      "l2_norm": {
        "mean": 3.337298535180656,
        "p05": 3.2021422707811618,
        "p50": 3.3370523283018976,
        "p95": 3.491895209085458
      },
      "max_abs": {
        "mean": 0.06794656429702321,
        "p05": 0.06160779797081078,
        "p50": 0.06793559962015375,
        "p95": 0.07628148082093092
      },
      "topk_l2_coverage": {
        "1": {
          "mean": 0.000416200685043943,
          "p05": 0.0003454896433516824,
          "p50": 0.00040923767945781533,
          "p95": 0.0005195801123547262
        },
        "10": {
          "mean": 0.0033663947642499003,
          "p05": 0.0030717603208963106,
          "p50": 0.0033277000183829838,
          "p95": 0.003687045217912715
        },
        "25": {
          "mean": 0.007515394299989302,
          "p05": 0.007033406899077877,
          "p50": 0.007457871196475712,
          "p95": 0.00810147914850356
        },
        "5": {
          "mean": 0.0018151867021867704,
          "p05": 0.0016148779766706827,
          "p50": 0.0018055633674687026,
          "p95": 0.002044413990180768
        },
        "50": {
          "mean": 0.013645051435347888,
          "p05": 0.012877809807433206,
          "p50": 0.01362087800292304,
          "p95": 0.014605568825458784
        }
      }
    },
    "encoder_projection": {
      "gini_abs": {
        "mean": 0.6020033251178974,
        "p05": 0.5982662275566383,
        "p50": 0.6023741031520444,
        "p95": 0.6046489907315666
      },
      "l2_norm": {
        "mean": 4.408466508399539,
        "p05": 4.186226102092586,
        "p50": 4.3106122477197335,
        "p95": 4.926535507413855
      },
      "max_abs": {
        "mean": 0.11856968413904552,
        "p05": 0.1002381111817313,
        "p50": 0.11704472103145572,
        "p95": 0.14054281187907533
      },
      "topk_l2_coverage": {
        "1": {
          "mean": 0.0007315733713934115,
          "p05": 0.0005250455547127019,
          "p50": 0.0007185479341869307,
          "p95": 0.0009797052606041275
        },
        "10": {
          "mean": 0.005240099025229669,
          "p05": 0.0043138179855055515,
          "p50": 0.005240667059757608,
          "p95": 0.006008399445366323
        },
        "25": {
          "mean": 0.011070170744667578,
          "p05": 0.009694803655242761,
          "p50": 0.01117064396702415,
          "p95": 0.01224970728900586
        },
        "5": {
          "mean": 0.00294160792320813,
          "p05": 0.002300518205230143,
          "p50": 0.002946383298904548,
          "p95": 0.003556321883130615
        },
        "50": {
          "mean": 0.019251258730329984,
          "p05": 0.01720136631439593,
          "p50": 0.019400845349891185,
          "p95": 0.02075723829593987
        }
      }
    },
    "n_random": 100,
    "seed": 20260424
  },
  "probe_source": "artifacts/runs/residual_correctness_probe_direction.npz",
  "sae_id": "layer_19",
  "sae_release": "goodfire-llama-3.1-8b-instruct"
}
